bin,lon_rad,lon_deg,lat_summer_rad,lat_summer_deg,lat_winter_rad,lat_winter_deg
0,-3.132866,-179.499994,0.348654,19.976394,-0.394226,-22.587509
1,-3.115413,-178.5,0.341971,19.59349,-0.394448,-22.600213
2,-3.09796,-177.500006,0.334638,19.17334,-0.394689,-22.613988
3,-3.080506,-176.499998,0.326645,18.715391,-0.394947,-22.628811
4,-3.063053,-175.500003,0.318023,18.221379,-0.395222,-22.644556
5,-3.045599,-174.499995,0.308812,17.6936,-0.39551,-22.661077
6,-3.028146,-173.500001,0.299051,17.134361,-0.39581,-22.678222
7,-3.010693,-172.500007,0.288781,16.545961,-0.396117,-22.695844
8,-2.99324,-171.499999,0.278056,15.93142,-0.39643,-22.713751
9,-2.975786,-170.500004,0.266977,15.296629,-0.396741,-22.731602
10,-2.958333,-169.499996,0.255659,14.648196,-0.397045,-22.749012
11,-2.94088,-168.500002,0.244219,13.992731,-0.397335,-22.765596
12,-2.923426,-167.499994,0.232772,13.33684,-0.397603,-22.780969
13,-2.905973,-166.5,0.221439,12.68752,-0.397842,-22.794687
14,-2.88852,-165.500005,0.21037,12.053319,-0.398041,-22.806063
15,-2.871067,-164.499997,0.199721,11.443173,-0.398185,-22.814345
16,-2.853613,-163.500003,0.189648,10.866018,-0.398263,-22.818784
17,-2.83616,-162.499995,0.180306,10.330789,-0.39826,-22.818632
18,-2.818707,-161.500001,0.171846,9.846065,-0.398163,-22.813033
19,-2.801254,-160.500006,0.164392,9.418995,-0.397947,-22.800705
20,-2.7838,-159.499998,0.158063,9.056368,-0.397591,-22.780262
21,-2.766347,-158.500004,0.152978,8.764978,-0.397068,-22.750319
22,-2.748893,-157.499996,0.149254,8.551614,-0.396355,-22.709484
23,-2.73144,-156.500002,0.146992,8.422023,-0.395426,-22.656214
24,-2.713987,-155.499994,0.14622,8.377779,-0.39424,-22.588306
25,-2.696534,-154.499999,0.146946,8.419414,-0.392758,-22.503404
26,-2.67908,-153.500005,0.149181,8.547453,-0.390939,-22.399146
27,-2.661627,-152.499997,0.152933,8.76243,-0.38874,-22.273172
28,-2.644174,-151.500003,0.158192,9.063727,-0.386119,-22.122972
29,-2.62672,-150.499995,0.164866,9.446148,-0.38302,-21.945435
30,-2.609267,-149.5,0.172846,9.903354,-0.379387,-21.737302
31,-2.591814,-148.500006,0.18202,10.429003,-0.375164,-21.495312
32,-2.574361,-147.499998,0.192279,11.016754,-0.370293,-21.216203
33,-2.556907,-146.500004,0.2035,11.659696,-0.364717,-20.896752
34,-2.539454,-145.499996,0.215524,12.348632,-0.358384,-20.533874
35,-2.522001,-144.500001,0.228181,13.073797,-0.351239,-20.124521
36,-2.504547,-143.499993,0.241299,13.825422,-0.34323,-19.665643
37,-2.487094,-142.499999,0.254709,14.593742,-0.334304,-19.154195
38,-2.469641,-141.500005,0.268244,15.369242,-0.324413,-18.587515
39,-2.452188,-140.499997,0.281756,16.143418,-0.313539,-17.964489
40,-2.434734,-139.500002,0.295101,16.908019,-0.30167,-17.284395
41,-2.417281,-138.499994,0.308134,17.654791,-0.288791,-16.546507
42,-2.399828,-137.5,0.320713,18.37548,-0.274891,-15.750102
43,-2.382375,-136.500006,0.332705,19.062614,-0.259969,-14.895143
44,-2.364921,-135.499998,0.344036,19.711817,-0.244073,-13.984347
45,-2.347468,-134.500003,0.354642,20.319497,-0.227261,-13.02112
46,-2.330014,-133.499995,0.364461,20.882055,-0.209594,-12.008865
47,-2.312561,-132.500001,0.373429,21.395899,-0.191131,-10.950988
48,-2.295108,-131.500007,0.381498,21.8582,-0.171942,-9.851531
49,-2.277655,-130.499999,0.388671,22.26922,-0.152142,-8.717075
50,-2.260201,-129.500004,0.394968,22.629991,-0.131857,-7.554842
51,-2.242748,-128.499996,0.400405,22.94154,-0.111213,-6.37205
52,-2.225295,-127.500002,0.405002,23.204898,-0.090337,-5.175918
53,-2.207841,-126.499994,0.408782,23.421506,-0.069356,-3.973815
54,-2.190388,-125.5,0.411801,23.594434,-0.04841,-2.773702
55,-2.172935,-124.500005,0.414117,23.727162,-0.027641,-1.583691
56,-2.155482,-123.499997,0.415793,23.82317,-0.007189,-0.411893
57,-2.138028,-122.500003,0.416888,23.885938,0.012803,0.733582
58,-2.120575,-121.499995,0.417464,23.918954,0.032203,1.845093
59,-2.103122,-120.500001,0.417583,23.925741,0.050909,2.916883
60,-2.085669,-119.500006,0.417305,23.90983,0.06883,3.943666
61,-2.068215,-118.499998,0.416693,23.874752,0.085873,4.920156
62,-2.050762,-117.500004,0.415808,23.82404,0.101946,5.841066
63,-2.033309,-116.499996,0.414708,23.761004,0.11697,6.701875
64,-2.015855,-115.500002,0.413435,23.688092,0.130919,7.50112
65,-1.998402,-114.5,0.412029,23.607528,0.143782,8.238099
66,-1.980949,-113.499999,0.410528,23.521539,0.155546,8.912117
67,-1.963495,-112.499998,0.408972,23.432352,0.166199,9.522473
68,-1.946042,-111.499997,0.407394,23.34195,0.175737,10.069003
69,-1.928589,-110.500003,0.405813,23.251345,0.184197,10.553684
70,-1.911136,-109.500001,0.404241,23.16131,0.19162,10.979027
71,-1.893682,-108.5,0.402693,23.072611,0.198052,11.347544
72,-1.876229,-107.499999,0.401182,22.986023,0.203536,11.661746
73,-1.858776,-106.499998,0.399718,22.902166,0.208116,11.924148
74,-1.841322,-105.499997,0.398303,22.821071,0.211835,12.137279
75,-1.823869,-104.500002,0.396934,22.742617,0.21474,12.303671
76,-1.806416,-103.500001,0.395608,22.666691,0.216872,12.425858
77,-1.788962,-102.5,0.394325,22.593171,0.218277,12.506371
78,-1.771509,-101.499999,0.393082,22.521914,0.218992,12.54734
79,-1.754056,-100.499998,0.391873,22.452655,0.219026,12.549271
80,-1.736603,-99.500003,0.390694,22.38511,0.21838,12.512268
81,-1.719149,-98.500002,0.38954,22.318989,0.217057,12.436434
82,-1.701696,-97.500001,0.388406,22.253999,0.215057,12.321871
83,-1.684243,-96.5,0.387287,22.189908,0.212377,12.168292
84,-1.666789,-95.499999,0.386183,22.126678,0.208983,11.973843
85,-1.649336,-94.499998,0.385095,22.064328,0.204837,11.736282
86,-1.631883,-93.500003,0.384023,22.002876,0.199899,11.453367
87,-1.61443,-92.500002,0.382966,21.942336,0.19413,11.122851
88,-1.596976,-91.500001,0.381927,21.882791,0.187492,10.742522
89,-1.579523,-90.5,0.380911,21.824572,0.179948,10.310273
90,-1.56207,-89.499999,0.379925,21.768074,0.171462,9.824026
91,-1.544616,-88.499997,0.378975,21.713694,0.161996,9.281703
92,-1.527163,-87.500003,0.37807,21.661824,0.151516,8.681227
93,-1.50971,-86.500002,0.377216,21.612877,0.139994,8.021052
94,-1.492257,-85.500001,0.376421,21.567333,0.12744,7.301765
95,-1.474803,-84.5,0.375694,21.525684,0.113874,6.524485
96,-1.45735,-83.499998,0.375044,21.488426,0.099315,5.690331
97,-1.439897,-82.499997,0.374479,21.456054,0.083783,4.800422
98,-1.422443,-81.500003,0.374007,21.429017,0.06731,3.856594
99,-1.40499,-80.500002,0.373633,21.407573,0.049978,2.863554
100,-1.387537,-79.500001,0.37336,21.391939,0.031882,1.826726
101,-1.370083,-78.499999,0.373192,21.382324,0.013117,0.751533
102,-1.35263,-77.499998,0.373133,21.378941,-0.006224,-0.356602
103,-1.335177,-76.499997,0.373185,21.381928,-0.026038,-1.491853
104,-1.317724,-75.500003,0.373345,21.391104,-0.046195,-2.646795
105,-1.30027,-74.500002,0.373609,21.406209,-0.06656,-3.8136
106,-1.282817,-73.5,0.373971,21.426988,-0.086995,-4.984442
107,-1.265364,-72.499999,0.374429,21.45318,-0.107364,-6.151492
108,-1.24791,-71.499998,0.374975,21.484471,-0.127533,-7.307122
109,-1.230457,-70.499997,0.3756,21.520323,-0.147384,-8.44449
110,-1.213004,-69.500003,0.376295,21.560138,-0.1668,-9.556953
111,-1.195551,-68.500001,0.377049,21.603318,-0.185666,-10.637866
112,-1.178097,-67.5,0.377851,21.64927,-0.203865,-11.680586
113,-1.160644,-66.499999,0.378691,21.697392,-0.221292,-12.679107
114,-1.143191,-65.499998,0.379558,21.74708,-0.237888,-13.629979
115,-1.125737,-64.499997,0.380442,21.797722,-0.253603,-14.530387
116,-1.108284,-63.500002,0.381332,21.848715,-0.268388,-15.377519
117,-1.090831,-62.500001,0.382217,21.899446,-0.282195,-16.168562
118,-1.073377,-61.5,0.383088,21.949349,-0.294984,-16.901363
119,-1.055924,-60.499999,0.383938,21.998031,-0.306766,-17.576404
120,-1.038471,-59.499998,0.38476,22.045134,-0.31756,-18.19483
121,-1.021018,-58.500003,0.385549,22.090305,-0.327385,-18.757783
122,-1.003564,-57.500002,0.386297,22.133192,-0.336262,-19.266406
123,-0.986111,-56.500001,0.387,22.173489,-0.344217,-19.722197
124,-0.968658,-55.5,0.387657,22.211099,-0.351301,-20.128071
125,-0.951204,-54.499999,0.388266,22.245979,-0.357571,-20.487296
126,-0.933751,-53.500001,0.388826,22.278083,-0.363083,-20.803146
127,-0.916298,-52.5,0.389337,22.307364,-0.367896,-21.078891
128,-0.898845,-51.499999,0.389798,22.333808,-0.372066,-21.317808
129,-0.881391,-50.500001,0.390213,22.35753,-0.375651,-21.523217
130,-0.863938,-49.5,0.390582,22.378676,-0.378709,-21.698442
131,-0.846485,-48.499999,0.390908,22.397391,-0.381299,-21.846814
132,-0.829031,-47.500001,0.391195,22.413821,-0.383478,-21.97166
133,-0.811578,-46.5,0.391444,22.428116,-0.385301,-22.076131
134,-0.794125,-45.499998,0.39166,22.440458,-0.386812,-22.16268
135,-0.776672,-44.500001,0.391844,22.451032,-0.388049,-22.233586
136,-0.759218,-43.5,0.392001,22.460018,-0.389054,-22.291128
137,-0.741765,-42.499998,0.392134,22.467605,-0.389864,-22.337586
138,-0.724312,-41.500001,0.392245,22.473967,-0.390518,-22.375049
139,-0.706858,-40.499999,0.392337,22.479247,-0.391039,-22.404865
140,-0.689405,-39.500002,0.392412,22.483574,-0.391446,-22.428186
141,-0.671952,-38.500001,0.392474,22.487083,-0.39176,-22.446174
142,-0.654498,-37.499999,0.392523,22.489902,-0.392001,-22.459984
143,-0.637045,-36.500002,0.392562,22.492151,-0.392187,-22.470653
144,-0.619592,-35.5,0.392592,22.493886,-0.392328,-22.478738
145,-0.602139,-34.499999,0.392614,22.495149,-0.392432,-22.484672
146,-0.584685,-33.500002,0.392629,22.495979,-0.392505,-22.48889
147,-0.567232,-32.5,0.392637,22.496422,-0.392556,-22.491828
148,-0.549779,-31.499999,0.392638,22.49649,-0.392592,-22.493864
149,-0.532325,-30.500001,0.392631,22.49609,-0.392614,-22.495148
150,-0.514872,-29.5,0.392614,22.495105,-0.392625,-22.495774
151,-0.497419,-28.500001,0.392584,22.493415,-0.392626,-22.495838
152,-0.479966,-27.5,0.39254,22.490903,-0.392619,-22.49543
153,-0.462512,-26.5,0.392479,22.487384,-0.392605,-22.494622
154,-0.445059,-25.500001,0.392392,22.482421,-0.392584,-22.493394
155,-0.427606,-24.5,0.392272,22.475516,-0.392554,-22.491702
156,-0.410152,-23.5,0.392109,22.466166,-0.392516,-22.489499
157,-0.392699,-22.500001,0.391894,22.453871,-0.392468,-22.486742
158,-0.375246,-21.499999,0.391617,22.437996,-0.392409,-22.483379
159,-0.357792,-20.5,0.391257,22.417367,-0.392338,-22.479324
160,-0.340339,-19.500001,0.390791,22.390683,-0.392254,-22.474481
161,-0.322886,-18.499999,0.390197,22.356633,-0.392154,-22.468758
162,-0.305433,-17.5,0.389451,22.313914,-0.392037,-22.462059
163,-0.287979,-16.5,0.388528,22.261014,-0.391901,-22.454293
164,-0.270526,-15.499999,0.387386,22.1956,-0.391746,-22.44539
165,-0.253073,-14.5,0.385982,22.115137,-0.39157,-22.435281
166,-0.235619,-13.5,0.384271,22.017084,-0.391371,-22.423897
167,-0.218166,-12.5,0.382208,21.898906,-0.391149,-22.411172
168,-0.200713,-11.5,0.379747,21.75788,-0.390902,-22.397058
169,-0.18326,-10.5,0.376826,21.590547,-0.390632,-22.381592
170,-0.165806,-9.5,0.373383,21.393261,-0.39034,-22.364835
171,-0.148353,-8.5,0.369353,21.162376,-0.390026,-22.346842
172,-0.1309,-7.5,0.364673,20.89425,-0.389691,-22.327675
173,-0.113446,-6.5,0.359281,20.585263,-0.389338,-22.307423
174,-0.095993,-5.5,0.353113,20.23191,-0.388969,-22.286301
175,-0.07854,-4.5,0.346111,19.830717,-0.38859,-22.264554
176,-0.061087,-3.5,0.338213,19.378201,-0.388204,-22.242429
177,-0.043633,-2.5,0.329359,18.870891,-0.387815,-22.220171
178,-0.02618,-1.5,0.319495,18.305716,-0.387429,-22.198048
179,-0.008727,-0.5,0.308596,17.681251,-0.387051,-22.176395
180,0.008727,0.5,0.296645,16.996483,-0.386688,-22.155573
181,0.02618,1.5,0.283623,16.250395,-0.386345,-22.13594
182,0.043633,2.5,0.269513,15.441973,-0.386029,-22.117852
183,0.061087,3.5,0.254311,14.570931,-0.385747,-22.101652
184,0.07854,4.5,0.238061,13.63991,-0.385502,-22.087616
185,0.095993,5.5,0.220824,12.652278,-0.385299,-22.076
186,0.113446,6.5,0.202657,11.611405,-0.385143,-22.067064
187,0.1309,7.5,0.18362,10.52066,-0.385038,-22.061067
188,0.148353,8.5,0.163783,9.384087,-0.384989,-22.058217
189,0.165806,9.5,0.143264,8.208429,-0.384994,-22.058531
190,0.18326,10.5,0.122192,7.001103,-0.385054,-22.061975
191,0.200713,11.5,0.100697,5.769527,-0.385168,-22.068515
192,0.218166,12.5,0.078908,4.521117,-0.385336,-22.07812
193,0.235619,13.5,0.056958,3.263445,-0.385556,-22.090712
194,0.253073,14.5,0.034988,2.004691,-0.385823,-22.106022
195,0.270526,15.499999,0.013146,0.75319,-0.386132,-22.123744
196,0.287979,16.5,-0.008425,-0.482723,-0.386478,-22.143571
197,0.305433,17.5,-0.029578,-1.694715,-0.386856,-22.165188
198,0.322886,18.499999,-0.050178,-2.874975,-0.387259,-22.188281
199,0.340339,19.500001,-0.070124,-4.01779,-0.387681,-22.212511
200,0.357792,20.5,-0.089326,-5.117974,-0.388118,-22.237528
201,0.375246,21.499999,-0.107693,-6.170339,-0.388562,-22.262986
202,0.392699,22.500001,-0.125135,-7.169696,-0.389008,-22.288535
203,0.410152,23.5,-0.141576,-8.111727,-0.38945,-22.313869
204,0.427606,24.5,-0.157003,-8.995598,-0.389886,-22.338841
205,0.445059,25.500001,-0.171415,-9.821345,-0.390314,-22.363344
206,0.462512,26.5,-0.184813,-10.589003,-0.390732,-22.387272
207,0.479966,27.5,-0.197198,-11.298606,-0.391137,-22.410515
208,0.497419,28.500001,-0.208582,-11.950847,-0.39153,-22.433032
209,0.514872,29.5,-0.219022,-12.549046,-0.391914,-22.455022
210,0.532325,30.500001,-0.228589,-13.09718,-0.392293,-22.476749
211,0.549779,31.499999,-0.237351,-13.599226,-0.392672,-22.498472
212,0.567232,32.5,-0.245379,-14.05916,-0.393056,-22.520457
213,0.584685,33.500002,-0.252742,-14.481046,-0.39345,-22.543012
214,0.602139,34.499999,-0.259518,-14.869295,-0.393862,-22.566636
215,0.619592,35.5,-0.265786,-15.228397,-0.394303,-22.591879
216,0.637045,36.500002,-0.271623,-15.562852,-0.394781,-22.619283
217,0.654498,37.499999,-0.277109,-15.877152,-0.395307,-22.649399
218,0.671952,38.500001,-0.282313,-16.175353,-0.395889,-22.682773
219,0.689405,39.500002,-0.287277,-16.459738,-0.396538,-22.719965
220,0.706858,40.499999,-0.292031,-16.732155,-0.397264,-22.761532
221,0.724312,41.500001,-0.296609,-16.994446,-0.398075,-22.808037
222,0.741765,42.499998,-0.301042,-17.248458,-0.398983,-22.860039
223,0.759218,43.5,-0.305352,-17.495371,-0.399995,-22.918032
224,0.776672,44.500001,-0.309512,-17.733731,-0.401116,-22.98226
225,0.794125,45.499998,-0.313486,-17.961417,-0.402349,-23.052894
226,0.811578,46.5,-0.317237,-18.176313,-0.403697,-23.130115
227,0.829031,47.500001,-0.320727,-18.376301,-0.405162,-23.214097
228,0.846485,48.499999,-0.323911,-18.55873,-0.406747,-23.304894
229,0.863938,49.5,-0.326705,-18.718828,-0.408443,-23.402064
230,0.881391,50.500001,-0.329017,-18.851288,-0.41024,-23.505039
231,0.898845,51.499999,-0.330754,-18.950809,-0.412129,-23.613255
232,0.916298,52.5,-0.331823,-19.012083,-0.414099,-23.726144
233,0.933751,53.500001,-0.33213,-19.029674,-0.416139,-23.843016
234,0.951204,54.499999,-0.331571,-18.997623,-0.418227,-23.962662
235,0.968658,55.5,-0.330039,-18.90984,-0.420341,-24.083751
236,0.986111,56.500001,-0.327428,-18.760231,-0.422456,-24.204951
237,1.003564,57.500002,-0.323631,-18.542707,-0.42455,-24.32493
238,1.021018,58.500003,-0.31855,-18.251589,-0.426599,-24.442313
239,1.038471,59.499998,-0.312115,-17.882847,-0.428575,-24.555567
240,1.055924,60.499999,-0.304261,-17.432869,-0.430452,-24.66311
241,1.073377,61.5,-0.294926,-16.89804,-0.432202,-24.763365
242,1.090831,62.500001,-0.284048,-16.274746,-0.433797,-24.854754
243,1.108284,63.500002,-0.271577,-15.56024,-0.435212,-24.935803
244,1.125737,64.499997,-0.257528,-14.755253,-0.436427,-25.005445
245,1.143191,65.499998,-0.241927,-13.861385,-0.437427,-25.062717
246,1.160644,66.499999,-0.224803,-12.880235,-0.438194,-25.106655
247,1.178097,67.5,-0.206183,-11.813402,-0.438711,-25.136297
248,1.195551,68.500001,-0.186112,-10.663424,-0.438966,-25.150879
249,1.213004,69.500003,-0.164699,-9.436583,-0.438958,-25.150449
250,1.230457,70.499997,-0.142072,-8.140101,-0.438693,-25.135253
251,1.24791,71.499998,-0.118354,-6.781198,-0.438174,-25.105542
252,1.265364,72.499999,-0.093673,-5.367094,-0.437407,-25.061559
253,1.282817,73.5,-0.068164,-3.905504,-0.436397,-25.003731
254,1.30027,74.500002,-0.041995,-2.406119,-0.435166,-24.933186
255,1.317724,75.500003,-0.015344,-0.879123,-0.433736,-24.85123
256,1.335177,76.499997,0.011612,0.6653,-0.432129,-24.759171
257,1.35263,77.499998,0.038693,2.216965,-0.430369,-24.658313
258,1.370083,78.499999,0.065727,3.765888,-0.428478,-24.550007
259,1.387537,79.500001,0.092553,5.302892,-0.426485,-24.435792
260,1.40499,80.500002,0.119014,6.818997,-0.424416,-24.317254
261,1.422443,81.500003,0.144954,8.305227,-0.422299,-24.195974
262,1.439897,82.499997,0.170215,9.752602,-0.420163,-24.07354
263,1.45735,83.499998,0.194654,11.152834,-0.418032,-23.951447
264,1.474803,84.5,0.218173,12.500389,-0.415927,-23.830854
265,1.492257,85.500001,0.240688,13.790422,-0.413867,-23.712839
266,1.50971,86.500002,0.262115,15.018088,-0.411871,-23.598471
267,1.527163,87.500003,0.282369,16.178543,-0.409957,-23.488824
268,1.544616,88.499997,0.301378,17.267671,-0.408142,-23.38484
269,1.56207,89.499999,0.319121,18.284276,-0.406434,-23.286926
270,1.579523,90.5,0.33559,19.227896,-0.404835,-23.195358
271,1.596976,91.500001,0.350777,20.098062,-0.403353,-23.110413
272,1.61443,92.500002,0.364675,20.894312,-0.401991,-23.032363
273,1.631883,93.500003,0.377282,21.616651,-0.400752,-22.961392
274,1.649336,94.499998,0.388632,22.266956,-0.399633,-22.897297
275,1.666789,95.499999,0.398766,22.84758,-0.398629,-22.839787
276,1.684243,96.5,0.407724,23.360873,-0.397735,-22.788561
277,1.701696,97.500001,0.415549,23.809184,-0.396946,-22.743328
278,1.719149,98.500002,0.422283,24.195056,-0.396255,-22.703762
279,1.736603,99.500003,0.427986,24.521795,-0.395656,-22.669427
280,1.754056,100.499998,0.432718,24.7929,-0.39514,-22.639857
281,1.771509,101.499999,0.436539,25.011869,-0.394699,-22.614587
282,1.788962,102.5,0.439512,25.182204,-0.394325,-22.593152
283,1.806416,103.500001,0.441698,25.307427,-0.39401,-22.575102
284,1.823869,104.500002,0.44316,25.39118,-0.393747,-22.560053
285,1.841322,105.499997,0.443962,25.437134,-0.393531,-22.547643
286,1.858776,106.499998,0.444168,25.448954,-0.393354,-22.537502
287,1.876229,107.499999,0.443843,25.430309,-0.39321,-22.529266
288,1.893682,108.5,0.443048,25.384803,-0.393093,-22.522595
289,1.911136,109.500001,0.441844,25.315779,-0.393,-22.517264
290,1.928589,110.500003,0.440286,25.226513,-0.392927,-22.513072
291,1.946042,111.499997,0.438432,25.120285,-0.39287,-22.509819
292,1.963495,112.499998,0.436339,25.000371,-0.392827,-22.507309
293,1.980949,113.499999,0.434062,24.869904,-0.392793,-22.505359
294,1.998402,114.5,0.431645,24.73143,-0.392767,-22.50387
295,2.015855,115.500002,0.42913,24.587354,-0.392747,-22.502763
296,2.033309,116.499996,0.42656,24.440075,-0.392733,-22.501957
297,2.050762,117.500004,0.423975,24.291996,-0.392723,-22.501375
298,2.068215,118.499998,0.421415,24.145323,-0.392716,-22.500943
299,2.085669,119.500006,0.418905,24.001478,-0.39271,-22.500631
300,2.103122,120.500001,0.416465,23.861691,-0.392706,-22.500416
301,2.120575,121.499995,0.414118,23.727188,-0.392704,-22.50027
302,2.138028,122.500003,0.411884,23.599195,-0.392702,-22.500177
303,2.155482,123.499997,0.409782,23.478767,-0.392701,-22.50011
304,2.172935,124.500005,0.407818,23.366246,-0.3927,-22.500066
305,2.190388,125.5,0.405995,23.261804,-0.3927,-22.500036
306,2.207841,126.499994,0.404316,23.165608,-0.392699,-22.500021
307,2.225295,127.500002,0.402784,23.077828,-0.392699,-22.500011
308,2.242748,128.499996,0.4014,22.998533,-0.392699,-22.500006
309,2.260201,129.500004,0.400158,22.927391,-0.392699,-22.500002
310,2.277655,130.499999,0.399051,22.863966,-0.392699,-22.500001
311,2.295108,131.500007,0.398072,22.807827,-0.392699,-22.500001
312,2.312561,132.500001,0.397211,22.758539,-0.392699,-22.500001
313,2.330014,133.499995,0.396463,22.71565,-0.392699,-22.500001
314,2.347468,134.500003,0.395817,22.678624,-0.392699,-22.500001
315,2.364921,135.499998,0.395263,22.646908,-0.392699,-22.500001
316,2.382375,136.500006,0.394793,22.619946,-0.392699,-22.500001
317,2.399828,137.5,0.394395,22.597184,-0.392699,-22.500001
318,2.417281,138.499994,0.394062,22.578092,-0.392699,-22.500001
319,2.434734,139.500002,0.393785,22.562241,-0.392699,-22.500001
320,2.452188,140.499997,0.393558,22.549222,-0.392699,-22.500001
321,2.469641,141.500005,0.393373,22.538632,-0.392699,-22.500001
322,2.487094,142.499999,0.393224,22.530062,-0.392699,-22.500001
323,2.504547,143.499993,0.393103,22.52314,-0.392699,-22.500001
324,2.522001,144.500001,0.393006,22.517612,-0.392699,-22.500001
325,2.539454,145.499996,0.392931,22.513265,-0.392699,-22.500001
326,2.556907,146.500004,0.392871,22.509879,-0.392699,-22.500002
327,2.574361,147.499998,0.392825,22.507234,-0.392699,-22.500004
328,2.591814,148.500006,0.392789,22.50513,-0.392699,-22.500007
329,2.609267,149.5,0.392759,22.503428,-0.392699,-22.500013
330,2.62672,150.499995,0.392734,22.502005,-0.392699,-22.500021
331,2.644174,151.500003,0.392712,22.500737,-0.3927,-22.500035
332,2.661627,152.499997,0.39269,22.4995,-0.3927,-22.500055
333,2.67908,153.500005,0.392667,22.49816,-0.392701,-22.500083
334,2.696534,154.499999,0.392639,22.496531,-0.392701,-22.500127
335,2.713987,155.499994,0.392602,22.494412,-0.392702,-22.50019
336,2.73144,156.500002,0.392553,22.491606,-0.392704,-22.500279
337,2.748893,157.499996,0.392488,22.487915,-0.392706,-22.500402
338,2.766347,158.500004,0.392404,22.483079,-0.392709,-22.500568
339,2.7838,159.499998,0.392291,22.476609,-0.392713,-22.500791
340,2.801254,160.500006,0.39214,22.467962,-0.392718,-22.501093
341,2.818707,161.500001,0.391941,22.456588,-0.392725,-22.501495
342,2.83616,162.499995,0.391686,22.441941,-0.392734,-22.502016
343,2.853613,163.500003,0.391361,22.423357,-0.392746,-22.502678
344,2.871067,164.499997,0.390949,22.399708,-0.392761,-22.503525
345,2.88852,165.500005,0.390426,22.369744,-0.392779,-22.504597
346,2.905973,166.5,0.389771,22.332219,-0.392803,-22.505943
347,2.923426,167.499994,0.388962,22.285886,-0.392832,-22.507606
348,2.94088,168.500002,0.387975,22.229354,-0.392867,-22.509633
349,2.958333,169.499996,0.386776,22.160656,-0.39291,-22.512093
350,2.975786,170.500004,0.385328,22.077675,-0.392962,-22.515056
351,2.99324,171.499999,0.383594,21.978299,-0.393024,-22.518592
352,3.010693,172.500007,0.381536,21.860415,-0.393097,-22.522774
353,3.028146,173.500001,0.379118,21.721856,-0.393182,-22.52767
354,3.045599,174.499995,0.376297,21.560245,-0.393281,-22.533352
355,3.063053,175.500003,0.373032,21.373156,-0.393395,-22.539887
356,3.080506,176.499998,0.36928,21.158159,-0.393525,-22.547347
357,3.09796,177.500006,0.364998,20.912823,-0.393673,-22.555802
358,3.115413,178.5,0.360148,20.634941,-0.393839,-22.565306
359,3.132866,179.499994,0.354706,20.323172,-0.394023,-22.575874
